"Symbol","Series","Date","Prev Close","Open Price","High Price","Low Price","Last Price","Close Price","Average Price","Total Traded Quantity","Turnover","No. of Trades","Deliverable Qty","% Dly Qt to Traded Qty"
"SHREECEM","EQ","01-Jan-2020","      20363.95","      20375.00","      20489.00","      20287.05","      20310.50","      20319.90","      20378.73","       4879","            99427830.65","       1595","       1281","         26.26"
"SHREECEM","EQ","02-Jan-2020","      20319.90","      20320.00","      21279.90","      20320.00","      21249.50","      21232.15","      21006.81","      31788","           667764588.20","       9022","      11311","         35.58"
"SHREECEM","EQ","03-Jan-2020","      21232.15","      21200.00","      21398.95","      20950.00","      21240.25","      21122.25","      21151.13","      19053","           402992402.15","       5781","       7114","         37.34"
"SHREECEM","EQ","06-Jan-2020","      21122.25","      21124.80","      21219.95","      20591.40","      20870.00","      21064.40","      20872.85","      25717","           536786960.75","       7823","      12852","         49.97"
"SHREECEM","EQ","07-Jan-2020","      21064.40","      21097.15","      22050.00","      20951.00","      22005.15","      21963.15","      21699.31","      83884","          1820224998.85","      18173","      48419","         57.72"
"SHREECEM","EQ","08-Jan-2020","      21963.15","      21849.00","      22691.65","      21710.30","      22400.05","      22441.30","      22440.81","      68506","          1537329788.25","      21132","      27599","         40.29"
"SHREECEM","EQ","09-Jan-2020","      22441.30","      22521.80","      22959.85","      22327.25","      22898.00","      22814.55","      22628.74","      40252","           910851967.50","      14362","      16332","         40.57"
"SHREECEM","EQ","10-Jan-2020","      22814.55","      22866.50","      23409.50","      22723.65","      23322.25","      23345.40","      23207.47","      41458","           962135396.90","      14521","      14771","         35.63"
"SHREECEM","EQ","13-Jan-2020","      23345.40","      23270.00","      24263.05","      23227.05","      23611.05","      23829.20","      23663.20","      55253","          1307462694.65","      12886","      26966","         48.80"
"SHREECEM","EQ","14-Jan-2020","      23829.20","      23670.00","      23820.20","      23424.75","      23620.00","      23560.00","      23570.16","      22816","           537776730.15","       9281","      10237","         44.87"
"SHREECEM","EQ","15-Jan-2020","      23560.00","      23670.00","      23800.00","      23351.50","      23790.00","      23728.55","      23586.78","      24055","           567379917.45","      10222","      10342","         42.99"
"SHREECEM","EQ","16-Jan-2020","      23728.55","      23750.00","      24100.00","      23065.65","      23330.00","      23290.85","      23330.15","      59132","          1379558359.95","      16656","      29053","         49.13"
"SHREECEM","EQ","17-Jan-2020","      23290.85","      23335.00","      23646.40","      23205.00","      23286.00","      23325.90","      23413.00","      32537","           761788786.55","       7016","      14644","         45.01"
"SHREECEM","EQ","20-Jan-2020","      23325.90","      23333.20","      23508.80","      23039.95","      23283.90","      23133.10","      23201.27","      26423","           613047084.10","       6483","      15983","         60.49"
"SHREECEM","EQ","21-Jan-2020","      23133.10","      23160.10","      23398.70","      22831.55","      22901.15","      22953.50","      23040.46","      29652","           683195707.30","       6831","      17519","         59.08"
"SHREECEM","EQ","22-Jan-2020","      22953.50","      22960.00","      23299.95","      22887.00","      22891.50","      23016.70","      23105.83","      28102","           649319956.85","       4761","      12479","         44.41"
"SHREECEM","EQ","23-Jan-2020","      23016.70","      23016.70","      23200.00","      22911.10","      23100.00","      23079.05","      23091.56","      15181","           350552904.00","       3303","       9191","         60.54"
"SHREECEM","EQ","24-Jan-2020","      23079.05","      23011.10","      23302.00","      22870.00","      23180.00","      23134.65","      23077.54","      31218","           720434796.70","       6313","      18541","         59.39"
"SHREECEM","EQ","27-Jan-2020","      23134.65","      23099.90","      23766.00","      22960.15","      23444.00","      23598.45","      23538.71","      35307","           831081393.75","       8596","      13022","         36.88"
"SHREECEM","EQ","28-Jan-2020","      23598.45","      23560.00","      23990.00","      23363.05","      23539.10","      23442.00","      23509.31","      13422","           315541912.40","       4608","       6492","         48.37"
"SHREECEM","EQ","29-Jan-2020","      23442.00","      23539.10","      23780.00","      23206.10","      23240.65","      23506.20","      23545.15","      13788","           324640471.00","       6430","       7264","         52.68"
"SHREECEM","EQ","30-Jan-2020","      23506.20","      23427.30","      23649.00","      23279.20","      23391.30","      23485.30","      23513.85","      18380","           432184642.40","       7298","       9477","         51.56"
"SHREECEM","EQ","31-Jan-2020","      23485.30","      23627.30","      23683.00","      22827.65","      23000.00","      23006.90","      23192.51","      26041","           603956118.55","       9348","      11577","         44.46"
"SHREECEM","EQ","01-Feb-2020","      23006.90","      22999.95","      23490.00","      22250.15","      22278.25","      22416.10","      22981.60","      16115","           370348493.60","       5215","       5096","         31.62"
"SHREECEM","EQ","03-Feb-2020","      22416.10","      22416.10","      23354.00","      22410.05","      23300.00","      23267.50","      23004.53","      19173","           441065857.70","       9124","       7456","         38.89"
"SHREECEM","EQ","04-Feb-2020","      23267.50","      23400.00","      24659.30","      23303.20","      24411.05","      24485.40","      24324.66","      46295","          1126110060.45","      18149","      18268","         39.46"
"SHREECEM","EQ","05-Feb-2020","      24485.40","      24412.05","      25290.00","      24412.05","      24923.00","      24893.45","      25025.89","      65213","          1632013194.05","      17589","      37186","         57.02"
"SHREECEM","EQ","06-Feb-2020","      24893.45","      25048.00","      25274.95","      24750.25","      25005.00","      25012.70","      25025.42","      35930","           899163497.10","       7915","      20448","         56.91"
"SHREECEM","EQ","07-Feb-2020","      25012.70","      25020.05","      25355.00","      24700.00","      25000.00","      24918.15","      25063.81","      15201","           380994971.80","       5195","       5214","         34.30"
"SHREECEM","EQ","10-Feb-2020","      24918.15","      25000.00","      25149.25","      24820.50","      24950.50","      24961.65","      24981.71","      33336","           832790235.45","       7541","      22327","         66.98"
"SHREECEM","EQ","11-Feb-2020","      24961.65","      25050.00","      25240.45","      24694.30","      24840.00","      24813.45","      25033.10","       9352","           234109529.75","       2487","       4498","         48.10"
"SHREECEM","EQ","12-Feb-2020","      24813.45","      24981.00","      25146.00","      24441.00","      24610.00","      24689.95","      24713.02","      15946","           394073871.75","       4545","       9306","         58.36"
"SHREECEM","EQ","13-Feb-2020","      24689.95","      24700.00","      24893.20","      24456.30","      24657.00","      24616.10","      24659.69","      15155","           373717531.75","       4921","       7239","         47.77"
"SHREECEM","EQ","14-Feb-2020","      24616.10","      24750.00","      24913.05","      24178.65","      24316.90","      24433.60","      24548.07","      44419","          1090400644.05","      13681","      12758","         28.72"
"SHREECEM","EQ","17-Feb-2020","      24433.60","      24320.00","      24445.50","      23955.00","      23975.10","      24028.05","      24147.15","      14630","           353272855.20","       5728","       4387","         29.99"
"SHREECEM","EQ","18-Feb-2020","      24028.05","      24000.00","      24000.00","      23300.75","      23912.85","      23777.25","      23617.46","      39818","           940399918.40","      16015","      23270","         58.44"
"SHREECEM","EQ","19-Feb-2020","      23777.25","      24850.00","      25199.90","      24316.80","      24390.00","      24533.25","      24623.10","     156489","          3853244229.80","      49054","      86672","         55.39"
"SHREECEM","EQ","20-Feb-2020","      24533.25","      24400.00","      24791.65","      24270.65","      24417.00","      24407.40","      24502.24","      32057","           785468159.75","      13172","      15854","         49.46"
"SHREECEM","EQ","24-Feb-2020","      24407.40","      24100.00","      24576.10","      23684.05","      23706.00","      23831.60","      24132.34","      29338","           707994620.80","      11231","      13949","         47.55"
"SHREECEM","EQ","25-Feb-2020","      23831.60","      23831.60","      23999.00","      23478.05","      23525.00","      23572.05","      23626.55","      38362","           906361600.95","      15085","      20531","         53.52"
"SHREECEM","EQ","26-Feb-2020","      23572.05","      23488.85","      23597.30","      23153.10","      23500.00","      23465.15","      23429.17","      34970","           819318193.85","      14500","      19031","         54.42"
"SHREECEM","EQ","27-Feb-2020","      23465.15","      23549.00","      23927.30","      23136.80","      23729.00","      23812.55","      23438.03","      80008","          1875229983.55","       9764","      65394","         81.73"
"SHREECEM","EQ","28-Feb-2020","      23812.55","      23400.00","      23729.00","      22463.95","      22633.00","      22670.95","      22887.21","      91009","          2082942335.95","      23685","      49247","         54.11"
"SHREECEM","EQ","02-Mar-2020","      22670.95","      22810.00","      23427.95","      22800.35","      23050.00","      23042.00","      23135.30","      58063","          1343304874.50","      17447","      33643","         57.94"
"SHREECEM","EQ","03-Mar-2020","      23042.00","      23299.95","      23844.95","      23050.00","      23800.00","      23593.15","      23490.48","      28737","           675045833.45","       8348","      14817","         51.56"
"SHREECEM","EQ","04-Mar-2020","      23593.15","      23799.00","      23896.50","      22801.00","      23170.00","      23256.00","      23283.88","      44423","          1034339811.65","      13826","      26777","         60.28"
"SHREECEM","EQ","05-Mar-2020","      23256.00","      23283.00","      23581.30","      23001.00","      23100.00","      23066.20","      23289.55","      43550","          1014259697.05","      12933","      23949","         54.99"
"SHREECEM","EQ","06-Mar-2020","      23066.20","      22799.90","      23300.00","      22502.00","      23237.15","      23110.45","      22905.44","      34236","           784190772.40","      14659","      19483","         56.91"
"SHREECEM","EQ","09-Mar-2020","      23110.45","      23000.50","      23000.95","      21712.00","      21855.00","      21860.15","      22157.12","      62959","          1394990205.80","      28657","      38606","         61.32"
"SHREECEM","EQ","11-Mar-2020","      21860.15","      21780.00","      22303.95","      21578.20","      21921.00","      21894.90","      21955.88","      50666","          1112416619.65","      21044","      25945","         51.21"
"SHREECEM","EQ","12-Mar-2020","      21894.90","      21006.15","      21540.00","      20128.15","      20379.55","      20273.50","      20560.32","      81474","          1675131169.95","      29160","      41977","         51.52"
"SHREECEM","EQ","13-Mar-2020","      20273.50","      19100.50","      21613.00","      18250.50","      21350.00","      21308.20","      20644.60","      65294","          1347968371.30","      23804","      34396","         52.68"
"SHREECEM","EQ","16-Mar-2020","      21308.20","      20405.00","      21388.00","      18550.00","      19923.00","      20158.05","      20317.39","     124718","          2533944593.70","      32239","      55777","         44.72"
"SHREECEM","EQ","17-Mar-2020","      20158.05","      19905.05","      20796.00","      19350.00","      20201.90","      20005.50","      20230.47","      61210","          1238307202.45","      25179","      29403","         48.04"
"SHREECEM","EQ","18-Mar-2020","      20005.50","      20299.00","      20600.00","      18100.00","      18211.00","      19293.95","      19310.17","     447921","          8649428848.90","      44818","     316313","         70.62"
"SHREECEM","EQ","19-Mar-2020","      19293.95","      17990.00","      19458.00","      16399.90","      16900.00","      17731.45","      18232.64","     130151","          2372996766.65","      44439","      63216","         48.57"
"SHREECEM","EQ","20-Mar-2020","      17731.45","      17385.00","      19186.30","      17026.75","      18880.00","      18903.65","      18646.08","     109691","          2045307363.10","      24894","      29003","         26.44"
"SHREECEM","EQ","23-Mar-2020","      18903.65","      17113.00","      17579.95","      16068.15","      17100.00","      16959.40","      16759.89","      64085","          1074057255.65","      25585","      30171","         47.08"
"SHREECEM","EQ","24-Mar-2020","      16959.40","      17400.00","      18180.05","      16380.45","      17030.00","      16980.00","      17080.89","      73476","          1255035743.80","      26844","      32257","         43.90"
"SHREECEM","EQ","25-Mar-2020","      16980.00","      16800.00","      17947.35","      16551.45","      16980.00","      17438.25","      17156.75","      43063","           738820970.95","      19882","      19323","         44.87"
"SHREECEM","EQ","26-Mar-2020","      17438.25","      17450.00","      18050.00","      17107.60","      17599.65","      17554.05","      17557.94","      68024","          1194361448.25","      27006","      34236","         50.33"
"SHREECEM","EQ","27-Mar-2020","      17554.05","      17800.00","      18569.60","      16836.05","      17501.00","      17666.25","      17695.09","      56733","          1003895761.80","      25590","      19827","         34.95"
"SHREECEM","EQ","30-Mar-2020","      17666.25","      17000.00","      17600.00","      16100.65","      17000.00","      16935.45","      16875.26","      61908","          1044713797.80","      28451","      33745","         54.51"
"SHREECEM","EQ","31-Mar-2020","      16935.45","      17274.15","      17716.90","      16917.00","      17690.00","      17546.35","      17418.50","      51027","           888813870.70","      21142","      30294","         59.37"
"SHREECEM","EQ","01-Apr-2020","      17546.35","      17500.00","      17546.30","      16500.00","      16523.00","      16549.65","      16722.76","      48939","           818395376.80","      20274","      25494","         52.09"
"SHREECEM","EQ","03-Apr-2020","      16549.65","      16661.20","      16698.45","      15410.00","      15500.00","      15783.80","      15968.85","      77720","          1241098683.25","      31757","      38016","         48.91"
"SHREECEM","EQ","07-Apr-2020","      15783.80","      16090.00","      16850.00","      15882.15","      16351.15","      16634.55","      16308.78","      92287","          1505088725.50","      33715","      51041","         55.31"
"SHREECEM","EQ","08-Apr-2020","      16634.55","      16351.15","      17031.00","      15918.80","      16000.00","      16063.95","      16358.42","     122755","          2008077342.90","      48672","      60295","         49.12"
"SHREECEM","EQ","09-Apr-2020","      16063.95","      16208.00","      17010.00","      16135.00","      16959.55","      16935.30","      16547.63","      92986","          1538697961.50","      28940","      56879","         61.17"
"SHREECEM","EQ","13-Apr-2020","      16935.30","      16900.00","      17801.30","      16222.30","      17368.00","      17301.10","      17241.35","      86675","          1494393823.00","      27168","      23282","         26.86"
"SHREECEM","EQ","15-Apr-2020","      17301.10","      17389.05","      18547.20","      17368.00","      18076.10","      18138.55","      18140.00","     125808","          2282156800.00","      37949","      50460","         40.11"
"SHREECEM","EQ","16-Apr-2020","      18138.55","      18050.20","      19348.95","      17551.25","      18700.05","      18928.90","      18694.59","     112627","          2105515503.60","      30314","      34946","         31.03"
"SHREECEM","EQ","17-Apr-2020","      18928.90","      19400.00","      19731.70","      18785.40","      19030.00","      18946.75","      19152.44","      74780","          1432219311.85","      21802","      20858","         27.89"
"SHREECEM","EQ","20-Apr-2020","      18946.75","      19025.00","      19338.95","      18931.35","      19009.00","      18996.90","      19059.84","      48069","           916187648.85","      13812","      12615","         26.24"
"SHREECEM","EQ","21-Apr-2020","      18996.90","      18900.00","      19000.00","      18237.20","      18828.45","      18828.45","      18722.34","      43173","           808299460.05","      11113","      15931","         36.90"
"SHREECEM","EQ","22-Apr-2020","      18828.45","      18838.45","      19620.00","      18611.95","      18898.00","      19217.15","      19007.88","      70880","          1347278685.75","      18657","      25407","         35.85"
"SHREECEM","EQ","23-Apr-2020","      19217.15","      19050.00","      19175.00","      18601.05","      18748.95","      18707.75","      18885.53","      41913","           791549309.55","      13355","       9555","         22.80"
"SHREECEM","EQ","24-Apr-2020","      18707.75","      18739.00","      18927.30","      18382.55","      18650.00","      18587.45","      18617.63","      34410","           640632602.70","      10648","      11348","         32.98"
"SHREECEM","EQ","27-Apr-2020","      18587.45","      18655.00","      19200.00","      18655.00","      19080.00","      19021.85","      19022.18","      37872","           720408051.95","      11992","      10740","         28.36"
"SHREECEM","EQ","28-Apr-2020","      19021.85","      19080.00","      19394.95","      18800.05","      18950.00","      18865.90","      19123.11","      29420","           562601843.05","       8415","       6374","         21.67"
"SHREECEM","EQ","29-Apr-2020","      18865.90","      18999.00","      19250.00","      18950.35","      19217.00","      19171.45","      19084.12","      25467","           486015183.25","       9257","       7875","         30.92"
"SHREECEM","EQ","30-Apr-2020","      19171.45","      19300.00","      19890.00","      19118.45","      19610.00","      19767.90","      19603.59","      53649","          1051712868.05","      13061","      15874","         29.59"
"SHREECEM","EQ","04-May-2020","      19767.90","      19174.00","      19304.65","      18540.00","      18590.00","      18625.00","      18827.35","      35572","           669726626.75","      13289","      13439","         37.78"
"SHREECEM","EQ","05-May-2020","      18625.00","      18675.50","      18899.85","      18250.00","      18529.95","      18512.00","      18581.07","      43081","           800491187.60","      13375","       9360","         21.73"
"SHREECEM","EQ","06-May-2020","      18512.00","      18624.95","      18930.00","      18523.55","      18845.00","      18741.90","      18762.98","      31793","           596531268.00","       9242","       4657","         14.65"
"SHREECEM","EQ","07-May-2020","      18741.90","      18741.90","      18884.20","      18041.95","      18380.00","      18432.40","      18452.47","      44718","           825157529.65","      12679","       8599","         19.23"
"SHREECEM","EQ","08-May-2020","      18432.40","      18680.00","      18879.45","      18450.10","      18665.00","      18732.75","      18684.29","      37689","           704192255.95","      10850","       7169","         19.02"
"SHREECEM","EQ","11-May-2020","      18732.75","      19099.00","      19299.00","      18812.75","      18945.00","      18914.90","      19052.09","      86212","          1642518806.25","      21412","      14909","         17.29"
"SHREECEM","EQ","12-May-2020","      18914.90","      18845.25","      19232.00","      18416.50","      19130.00","      19127.20","      18824.26","      45808","           862301842.90","      12101","       8458","         18.46"
"SHREECEM","EQ","13-May-2020","      19127.20","      19534.95","      20309.95","      19442.45","      19800.00","      19763.25","      19935.15","      97463","          1942939857.15","      26315","      18276","         18.75"
"SHREECEM","EQ","14-May-2020","      19763.25","      19700.00","      19928.85","      19165.10","      19355.00","      19310.80","      19408.39","      76779","          1490156574.45","      16153","      30200","         39.33"
"SHREECEM","EQ","15-May-2020","      19310.80","      19509.90","      19563.55","      18811.50","      19059.70","      19180.50","      19073.26","      52718","          1005504112.85","      16395","      11514","         21.84"
"SHREECEM","EQ","18-May-2020","      19180.50","      19200.00","      19239.45","      18000.00","      18115.00","      18152.70","      18655.69","      66740","          1245080915.45","      20829","      20701","         31.02"
"SHREECEM","EQ","19-May-2020","      18152.70","      18300.00","      18820.00","      18075.00","      18400.00","      18340.75","      18465.40","      68436","          1263697780.35","      21340","       9811","         14.34"
"SHREECEM","EQ","20-May-2020","      18340.75","      18351.05","      20150.45","      18351.05","      19484.95","      19411.65","      18972.30","      95883","          1819120774.30","      25748","      27857","         29.05"
"SHREECEM","EQ","21-May-2020","      19411.65","      19156.00","      19349.60","      18750.00","      19180.00","      19251.15","      19077.00","      83404","          1591098169.05","      24447","      18271","         21.91"
"SHREECEM","EQ","22-May-2020","      19251.15","      19019.00","      20079.95","      18803.20","      19850.00","      19910.25","      19500.60","      97537","          1902029921.30","      25921","      26449","         27.12"
"SHREECEM","EQ","26-May-2020","      19910.25","      19810.10","      20759.95","      19700.00","      20540.00","      20667.30","      20371.54","     115383","          2350529800.90","      29084","      30730","         26.63"
"SHREECEM","EQ","27-May-2020","      20667.30","      20702.75","      20900.00","      20300.00","      20535.00","      20477.55","      20511.48","      81015","          1661737515.50","      23165","      21903","         27.04"
"SHREECEM","EQ","28-May-2020","      20477.55","      20649.00","      21163.35","      20260.80","      20900.00","      20808.90","      20627.91","      77640","          1601551055.45","      21963","      20489","         26.39"
"SHREECEM","EQ","29-May-2020","      20808.90","      20850.00","      21049.00","      20608.90","      20800.00","      20857.30","      20873.85","      76672","          1600439854.70","      22038","      30397","         39.65"
"SHREECEM","EQ","01-Jun-2020","      20857.30","      20857.30","      21464.70","      20855.50","      21025.00","      21069.35","      21089.07","      74696","          1575269113.85","      20255","      19866","         26.60"
"SHREECEM","EQ","02-Jun-2020","      21069.35","      21180.00","      21340.00","      20952.65","      21241.50","      21201.00","      21164.81","      42170","           892520069.45","      13248","      10549","         25.02"
"SHREECEM","EQ","03-Jun-2020","      21201.00","      21544.00","      21740.00","      21251.00","      21670.95","      21630.10","      21569.31","      49111","          1059290626.45","      15732","      14814","         30.16"
"SHREECEM","EQ","04-Jun-2020","      21630.10","      21611.00","      21869.50","      21067.40","      21385.00","      21396.65","      21405.55","      43072","           921979896.90","      15349","       9724","         22.58"
"SHREECEM","EQ","05-Jun-2020","      21396.65","      21500.00","      22430.00","      21500.00","      22000.00","      22089.60","      21917.03","      55227","          1210411849.10","      14167","      10038","         18.18"
"SHREECEM","EQ","08-Jun-2020","      22089.60","      22117.75","      22296.50","      21000.00","      21228.00","      21180.90","      21591.85","      73283","          1582315746.60","      22153","      21892","         29.87"
"SHREECEM","EQ","09-Jun-2020","      21180.90","      21535.95","      21585.00","      20908.80","      21098.95","      21009.80","      21254.93","      64086","          1362143358.15","      18303","      17048","         26.60"
"SHREECEM","EQ","10-Jun-2020","      21009.80","      21171.05","      21611.05","      21149.85","      21598.00","      21513.30","      21444.29","      49867","          1069362296.45","      15034","      10201","         20.46"
"SHREECEM","EQ","11-Jun-2020","      21513.30","      21648.00","      21648.00","      21204.50","      21277.65","      21251.20","      21399.97","      49993","          1069848661.80","      16011","      16825","         33.65"
"SHREECEM","EQ","12-Jun-2020","      21251.20","      20700.00","      23137.25","      20700.00","      22489.00","      22392.65","      21857.22","     147218","          3217776560.25","      28551","      52413","         35.60"
"SHREECEM","EQ","15-Jun-2020","      22392.65","      22260.00","      22361.05","      21750.00","      22082.25","      22117.25","      22051.63","      99776","          2200223840.65","      25423","      25539","         25.60"
"SHREECEM","EQ","16-Jun-2020","      22117.25","      22291.70","      22539.95","      21800.00","      21977.40","      22111.30","      22184.48","      70321","          1560034700.75","      20150","      25722","         36.58"
"SHREECEM","EQ","17-Jun-2020","      22111.30","      21978.00","      22079.50","      21514.30","      21690.00","      21635.40","      21744.60","      70852","          1540648243.55","      18545","      18932","         26.72"
"SHREECEM","EQ","18-Jun-2020","      21635.40","      21718.00","      21998.95","      21410.00","      21850.00","      21866.10","      21695.72","      83639","          1814608623.70","      16319","      29747","         35.57"
"SHREECEM","EQ","19-Jun-2020","      21866.10","      21840.00","      21930.00","      21566.45","      21650.00","      21678.95","      21738.93","      64310","          1398030724.10","      14660","      24040","         37.38"
"SHREECEM","EQ","22-Jun-2020","      21678.95","      21710.00","      22199.95","      21530.05","      22100.00","      22017.60","      21856.06","      97692","          2135162075.55","      19308","      39127","         40.05"
"SHREECEM","EQ","23-Jun-2020","      22017.60","      22100.00","      22943.10","      22050.00","      22801.00","      22756.25","      22446.79","      56193","          1261352407.95","      15384","       5363","         41.17"
"SHREECEM","EQ","24-Jun-2020","      22756.25","      22750.00","      23068.00","      22330.00","      22476.90","      22566.25","      22680.36","      67022","          1520082951.80","      16609","      12067","         18.00"
"SHREECEM","EQ","25-Jun-2020","      22566.25","      22495.00","      22619.10","      21889.00","      22148.00","      22068.80","      22306.44","      47016","          1048759418.65","      13732","      11822","         25.14"
"SHREECEM","EQ","26-Jun-2020","      22068.80","      22111.00","      22700.00","      21863.40","      22674.45","      22523.85","      22213.19","      56262","          1249758750.45","      15363","      12281","         21.83"
"SHREECEM","EQ","29-Jun-2020","      22523.85","      22450.00","      22483.85","      21927.60","      22353.85","      22341.95","      22189.50","      49397","          1096094975.95","      13298","      10793","         21.85"
"SHREECEM","EQ","30-Jun-2020","      22341.95","      22353.85","      23330.00","      22341.95","      23040.00","      23051.05","      22991.16","     102429","          2354961593.40","      27662","      16501","         16.11"
"SHREECEM","EQ","01-Jul-2020","      23051.05","      22814.35","      23215.00","      22516.80","      22599.00","      22663.50","      22827.82","      71638","          1635339510.70","      18543","      14495","         20.23"
"SHREECEM","EQ","02-Jul-2020","      22663.50","      22850.00","      22950.00","      22511.00","      22806.00","      22762.85","      22727.13","      42084","           956448338.90","      11326","       8648","         20.55"
"SHREECEM","EQ","03-Jul-2020","      22762.85","      22985.00","      22987.55","      22737.55","      22782.90","      22872.65","      22857.11","      31513","           720296094.50","       9707","       5262","         16.70"
"SHREECEM","EQ","06-Jul-2020","      22872.65","      22879.00","      23215.00","      22850.75","      23051.65","      23111.15","      22998.80","      84877","          1952069123.75","      12527","      39075","         46.04"
"SHREECEM","EQ","07-Jul-2020","      23111.15","      23072.50","      23087.65","      22656.00","      22850.00","      22824.10","      22823.91","      41646","           950524723.15","      15470","      11244","         27.00"
"SHREECEM","EQ","08-Jul-2020","      22824.10","      22900.00","      23050.00","      22345.95","      22452.00","      22439.80","      22579.86","      57101","          1289332817.35","      18520","      22850","         40.02"
"SHREECEM","EQ","09-Jul-2020","      22439.80","      22622.00","      22915.00","      22380.20","      22810.00","      22803.60","      22649.39","      48256","          1092969107.35","      15280","      14871","         30.82"
"SHREECEM","EQ","10-Jul-2020","      22803.60","      22799.00","      22799.00","      22182.20","      22400.00","      22295.40","      22401.05","      44546","           997877301.60","      14831","      11828","         26.55"
"SHREECEM","EQ","13-Jul-2020","      22295.40","      22460.00","      22627.85","      22250.00","      22300.00","      22311.20","      22393.30","      52262","          1170318777.15","      14024","      19927","         38.13"
"SHREECEM","EQ","14-Jul-2020","      22311.20","      22388.00","      22394.80","      21710.45","      22000.00","      22085.75","      22019.68","      61251","          1348727411.85","      16431","      18907","         30.87"
"SHREECEM","EQ","15-Jul-2020","      22085.75","      22101.00","      22274.00","      21750.00","      21800.00","      21843.25","      21905.89","      48201","          1055885639.55","      13459","      17469","         36.24"
"SHREECEM","EQ","16-Jul-2020","      21843.25","      22031.90","      22031.90","      21250.00","      21670.00","      21731.10","      21626.32","      42359","           916069436.80","      13447","       9467","         22.35"
"SHREECEM","EQ","17-Jul-2020","      21731.10","      21731.10","      22400.00","      21606.00","      22311.45","      22269.95","      22093.98","      38076","           841250272.45","      11921","      11995","         31.50"
"SHREECEM","EQ","20-Jul-2020","      22269.95","      22325.05","      22399.90","      22007.30","      22236.05","      22266.10","      22232.56","      38325","           852062725.10","      13676","       8147","         21.26"
"SHREECEM","EQ","21-Jul-2020","      22266.10","      22495.00","      22810.00","      22260.15","      22387.00","      22440.75","      22535.60","      73617","          1659003256.00","      19325","      24348","         33.07"
"SHREECEM","EQ","22-Jul-2020","      22440.75","      22500.00","      22534.90","      21919.30","      22012.00","      21979.45","      22135.49","      44686","           989146486.60","      11766","      10390","         23.25"
"SHREECEM","EQ","23-Jul-2020","      21979.45","      22023.00","      22129.45","      21501.00","      21560.00","      21568.15","      21689.15","      69558","          1508653980.10","      14878","      28868","         41.50"
"SHREECEM","EQ","24-Jul-2020","      21568.15","      21547.10","      21600.00","      21160.00","      21280.00","      21332.75","      21340.60","      58309","          1244349055.60","      14834","      21602","         37.05"
"SHREECEM","EQ","27-Jul-2020","      21332.75","      21449.95","      21590.00","      21015.95","      21100.00","      21113.85","      21330.42","      61733","          1316790823.05","      14726","      22373","         36.24"
"SHREECEM","EQ","28-Jul-2020","      21113.85","      21147.00","      22020.00","      21110.00","      21905.00","      21915.75","      21606.78","      96902","          2093740057.60","      22210","      34696","         35.81"
"SHREECEM","EQ","29-Jul-2020","      21915.75","      21696.60","      22200.00","      21624.00","      21710.00","      21743.65","      21942.08","      65355","          1434024363.45","      16643","      17987","         27.52"
"SHREECEM","EQ","30-Jul-2020","      21743.65","      21845.00","      22025.00","      21300.00","      21380.00","      21395.10","      21621.78","      51699","          1117824346.85","      15095","      17238","         33.34"
"SHREECEM","EQ","31-Jul-2020","      21395.10","      21395.50","      21890.00","      21350.00","      21670.00","      21711.15","      21681.62","      50697","          1099193204.80","      15056","      10846","         21.39"
"SHREECEM","EQ","03-Aug-2020","      21711.15","      21670.05","      21864.05","      21490.00","      21745.00","      21747.25","      21704.74","      29527","           640875739.15","      11135","       6514","         22.06"
"SHREECEM","EQ","04-Aug-2020","      21747.25","      21700.00","      21940.95","      21325.90","      21600.00","      21593.75","      21570.26","      52275","          1127585437.15","      15263","      15415","         29.49"
"SHREECEM","EQ","05-Aug-2020","      21593.75","      21793.35","      22150.00","      21451.10","      22105.00","      22103.90","      21832.90","      84442","          1843614055.55","      16544","      22347","         26.46"
"SHREECEM","EQ","06-Aug-2020","      22103.90","      22120.00","      22165.00","      21530.00","      21849.85","      21722.85","      21950.28","      56603","          1242451824.05","      14287","      17270","         30.51"
"SHREECEM","EQ","07-Aug-2020","      21722.85","      21900.00","      22074.15","      21621.30","      21849.50","      21910.10","      21891.77","      41439","           907172892.15","       9744","      10897","         26.30"
"SHREECEM","EQ","10-Aug-2020","      21910.10","      22200.00","      22550.00","      21939.55","      22330.00","      22396.40","      22354.07","     125348","          2802037804.40","      20955","      35969","         28.70"
"SHREECEM","EQ","11-Aug-2020","      22396.40","      21920.00","      21989.95","      21322.00","      21530.00","      21551.60","      21488.02","     188583","          4052274456.05","      38392","      61340","         32.53"
"SHREECEM","EQ","12-Aug-2020","      21551.60","      21566.00","      21634.70","      21270.00","      21425.00","      21378.90","      21437.39","      72534","          1554939603.20","      18702","      16325","         22.51"
"SHREECEM","EQ","13-Aug-2020","      21378.90","      21569.00","      21644.45","      21103.30","      21294.00","      21237.00","      21305.58","      66877","          1424853015.75","      14448","      21556","         32.23"
"SHREECEM","EQ","14-Aug-2020","      21237.00","      21395.00","      21700.00","      21201.55","      21470.90","      21458.25","      21477.55","      78902","          1694622010.75","      22615","      20379","         25.83"
"SHREECEM","EQ","17-Aug-2020","      21458.25","      21600.00","      21649.90","      21401.00","      21530.00","      21512.75","      21524.97","      34712","           747174773.20","      10725","       8923","         25.71"
"SHREECEM","EQ","18-Aug-2020","      21512.75","      21512.75","      21950.00","      21512.75","      21900.00","      21914.30","      21791.52","      76377","          1664370803.70","      20012","      28325","         37.09"
"SHREECEM","EQ","19-Aug-2020","      21914.30","      22148.00","      22173.30","      21850.05","      22080.00","      22081.30","      22056.59","      47993","          1058562138.50","      15032","      19039","         39.67"
"SHREECEM","EQ","20-Aug-2020","      22081.30","      21974.00","      22236.45","      21788.20","      22044.75","      22080.20","      22025.22","      37684","           829998305.75","      11546","       5150","         13.67"
"SHREECEM","EQ","21-Aug-2020","      22080.20","      22160.00","      22467.80","      22100.30","      22360.00","      22317.75","      22303.62","      34260","           764122136.20","      10970","       9924","         28.97"
"SHREECEM","EQ","24-Aug-2020","      22317.75","      22317.75","      22543.00","      22156.00","      22212.00","      22210.75","      22344.24","      37880","           846399976.05","      13732","       9292","         24.53"
"SHREECEM","EQ","25-Aug-2020","      22210.75","      22260.20","      22461.75","      21650.00","      21950.00","      21810.75","      21822.75","      64964","          1417693215.25","      18480","      17771","         27.36"
"SHREECEM","EQ","26-Aug-2020","      21810.75","      21950.00","      21999.00","      21600.05","      21650.00","      21710.65","      21754.37","      38074","           828275769.80","      13026","       9329","         24.50"
"SHREECEM","EQ","27-Aug-2020","      21710.65","      21710.65","      21753.30","      21460.00","      21599.90","      21528.00","      21533.46","      40826","           879124886.55","      10873","      12850","         31.48"
"SHREECEM","EQ","28-Aug-2020","      21528.00","      21645.00","      21800.00","      21251.50","      21350.00","      21329.55","      21441.68","      52820","          1132549305.50","      14668","      18088","         34.24"
"SHREECEM","EQ","31-Aug-2020","      21329.55","      21478.90","      21550.00","      20010.00","      20180.00","      20283.00","      20602.04","     114636","          2361735289.40","      28768","      41559","         36.25"
"SHREECEM","EQ","01-Sep-2020","      20283.00","      20449.00","      20599.95","      19975.00","      20440.00","      20466.60","      20292.38","      74780","          1517464241.00","      17866","      15260","         20.41"
"SHREECEM","EQ","02-Sep-2020","      20466.60","      20599.00","      20748.40","      20450.00","      20540.00","      20563.60","      20594.62","      49617","          1021843257.45","      15243","      14915","         30.06"
"SHREECEM","EQ","03-Sep-2020","      20563.60","      20540.00","      20849.00","      20250.70","      20445.00","      20429.00","      20371.03","      50370","          1026088946.15","      13783","      13378","         26.56"
"SHREECEM","EQ","04-Sep-2020","      20429.00","      20300.00","      20500.00","      19950.00","      19952.75","      20025.30","      20170.00","      64482","          1300601804.85","      18178","      18099","         28.07"
"SHREECEM","EQ","07-Sep-2020","      20025.30","      20100.00","      20119.15","      19636.05","      19760.00","      19782.95","      19792.43","      59729","          1182181986.40","      16185","      16225","         27.16"
"SHREECEM","EQ","08-Sep-2020","      19782.95","      19782.95","      20199.00","      19272.10","      19350.00","      19355.85","      19538.34","      65858","          1286755905.50","      18205","      22665","         34.41"
"SHREECEM","EQ","09-Sep-2020","      19355.85","      19300.00","      19566.00","      19068.05","      19448.00","      19401.50","      19304.96","      83567","          1613257804.55","      21677","      28382","         33.96"
"SHREECEM","EQ","10-Sep-2020","      19401.50","      19500.00","      19750.00","      19319.00","      19735.50","      19643.35","      19512.12","      44713","           872445254.35","      12038","       7870","         17.60"
"SHREECEM","EQ","11-Sep-2020","      19643.35","      19735.50","      19735.50","      19365.10","      19500.00","      19502.50","      19452.33","      61264","          1191727512.30","      11415","      27254","         44.49"
"SHREECEM","EQ","14-Sep-2020","      19502.50","      19512.30","      19985.00","      19500.00","      19680.00","      19789.50","      19751.73","      60868","          1202248112.20","      16661","      17521","         28.79"
"SHREECEM","EQ","15-Sep-2020","      19789.50","      19779.00","      20147.90","      19600.00","      20070.00","      20065.25","      19947.59","      71895","          1434132114.90","      16117","      17401","         24.20"
"SHREECEM","EQ","16-Sep-2020","      20065.25","      20065.25","      20492.55","      19946.15","      20300.00","      20387.85","      20270.72","      51069","          1035205213.00","      11631","      12036","         23.57"
"SHREECEM","EQ","17-Sep-2020","      20387.85","      20375.00","      20375.00","      19795.95","      19910.00","      19888.40","      20005.88","      65445","          1309284998.80","      16626","      17652","         26.97"
"SHREECEM","EQ","18-Sep-2020","      19888.40","      19915.00","      20108.55","      19399.50","      19490.75","      19520.95","      19682.72","      82189","          1617703064.65","      20677","      31942","         38.86"
"SHREECEM","EQ","21-Sep-2020","      19520.95","      19520.95","      19600.00","      18707.65","      18778.90","      18903.70","      19174.39","      35929","           688916700.00","      10150","       5985","         16.66"
"SHREECEM","EQ","22-Sep-2020","      18903.70","      19075.00","      19187.20","      18424.00","      18840.00","      18982.45","      18849.83","      71503","          1347819600.10","      18326","      12087","         16.90"
"SHREECEM","EQ","23-Sep-2020","      18982.45","      18985.50","      19115.30","      18536.80","      18931.00","      18951.85","      18845.04","      45567","           858712099.35","       9591","       9499","         20.85"
"SHREECEM","EQ","24-Sep-2020","      18951.85","      18800.00","      18846.90","      18183.55","      18340.00","      18341.95","      18496.99","      64618","          1195238497.05","      14995","      21346","         33.03"
"SHREECEM","EQ","25-Sep-2020","      18341.95","      18391.50","      19150.00","      18364.55","      18902.00","      19008.45","      18791.43","      55983","          1052000745.50","      13365","       9848","         17.59"
"SHREECEM","EQ","28-Sep-2020","      19008.45","      19200.00","      19655.00","      19080.00","      19640.00","      19533.15","      19371.20","      40663","           787691218.95","       9918","      11399","         28.03"
"SHREECEM","EQ","29-Sep-2020","      19533.15","      19599.00","      19970.00","      19351.40","      19795.00","      19834.65","      19722.83","      90411","          1783160669.15","      19055","      17011","         18.82"
"SHREECEM","EQ","30-Sep-2020","      19834.65","      19860.00","      20535.00","      19661.85","      20184.95","      20256.95","      20227.76","     121119","          2449966474.45","      26009","      31742","         26.21"
"SHREECEM","EQ","01-Oct-2020","      20256.95","      20400.00","      20659.95","      20325.00","      20600.00","      20611.00","      20517.33","      71915","          1475503942.80","      12734","      15992","         22.24"
"SHREECEM","EQ","05-Oct-2020","      20611.00","      20600.00","      20719.05","      20000.00","      20045.00","      20131.80","      20279.37","      63076","          1279141429.65","      15451","      10606","         16.81"
"SHREECEM","EQ","06-Oct-2020","      20131.80","      20155.00","      20446.45","      20001.00","      20325.00","      20296.95","      20239.16","      58671","          1187451569.95","      13789","      10972","         18.70"
"SHREECEM","EQ","07-Oct-2020","      20296.95","      20325.00","      20800.00","      20097.95","      20705.00","      20712.50","      20560.63","      78989","          1624063721.35","      19850","      15165","         19.20"
"SHREECEM","EQ","08-Oct-2020","      20712.50","      20721.20","      20850.00","      20490.00","      20750.00","      20735.55","      20659.72","      63460","          1311065711.20","      19446","      15228","         24.00"
"SHREECEM","EQ","09-Oct-2020","      20735.55","      20800.00","      21250.00","      20686.50","      21192.00","      21198.50","      21080.93","      90353","          1904725367.00","      19905","      24094","         26.67"
"SHREECEM","EQ","12-Oct-2020","      21198.50","      21165.00","      21397.95","      20845.05","      20950.00","      20956.10","      21038.93","      56254","          1183523939.30","      13672","       7623","         13.55"
"SHREECEM","EQ","13-Oct-2020","      20956.10","      20951.00","      21700.00","      20850.00","      20974.85","      21088.00","      21385.01","     115699","          2474224322.25","      26591","      18596","         16.07"
"SHREECEM","EQ","14-Oct-2020","      21088.00","      21088.00","      21320.00","      20651.40","      21040.00","      21135.90","      20969.00","      69326","          1453696727.65","      16076","       3734","          5.39"
"SHREECEM","EQ","15-Oct-2020","      21135.90","      21260.00","      21260.00","      20505.20","      20549.65","      20642.25","      20915.93","      55002","          1150418004.50","      13727","       4959","          9.02"
"SHREECEM","EQ","16-Oct-2020","      20642.25","      20780.00","      21324.55","      20650.00","      21147.00","      21177.45","      21022.38","      85125","          1789529980.95","      18962","      10888","         12.79"
"SHREECEM","EQ","19-Oct-2020","      21177.45","      21200.00","      21400.00","      21022.10","      21200.00","      21102.25","      21239.04","      48532","          1030772876.05","      11308","       4331","          8.92"
"SHREECEM","EQ","20-Oct-2020","      21102.25","      21197.00","      21550.00","      21100.10","      21130.00","      21184.80","      21281.50","      70614","          1502771696.25","      17877","       8889","         12.59"
"SHREECEM","EQ","21-Oct-2020","      21184.80","      21250.00","      21426.95","      20680.15","      21111.05","      21147.50","      21126.27","      57076","          1205802941.45","      15836","       5993","         10.50"
"SHREECEM","EQ","22-Oct-2020","      21147.50","      21200.00","      21290.00","      20901.70","      20988.95","      20991.70","      21045.69","      51638","          1086757466.85","      14102","       9644","         18.68"
"SHREECEM","EQ","23-Oct-2020","      20991.70","      21165.00","      21272.30","      20257.05","      20900.00","      20521.15","      20643.68","      78236","          1615078709.65","      18870","      17376","         22.21"
"SHREECEM","EQ","26-Oct-2020","      20521.15","      20665.70","      20809.75","      20113.10","      20375.45","      20424.70","      20382.67","      65851","          1342219230.30","      19087","      12221","         18.56"
"SHREECEM","EQ","27-Oct-2020","      20424.70","      20548.50","      22100.00","      20424.75","      21500.00","      21734.35","      21499.42","     239232","          5143348901.85","      57893","      58405","         24.41"
"SHREECEM","EQ","28-Oct-2020","      21734.35","      21560.20","      21788.00","      21231.20","      21231.20","      21361.20","      21502.72","      80647","          1734129722.45","      21120","      12104","         15.01"
"SHREECEM","EQ","29-Oct-2020","      21361.20","      21299.00","      21799.95","      21105.05","      21599.75","      21677.00","      21487.45","      71428","          1534805375.70","      19011","       9434","         13.21"
"SHREECEM","EQ","30-Oct-2020","      21677.00","      21738.00","      22050.00","      21519.95","      21604.55","      21694.55","      21772.81","      86132","          1875335704.75","      22410","      11325","         13.15"
"SHREECEM","EQ","02-Nov-2020","      21694.55","      21694.55","      21898.55","      21512.10","      21660.20","      21671.35","      21687.44","      46682","          1012413074.35","      14617","       7141","         15.30"
"SHREECEM","EQ","03-Nov-2020","      21671.35","      21821.50","      21999.95","      21671.35","      21890.00","      21876.10","      21862.99","      49230","          1076315100.50","      12432","       7462","         15.16"
"SHREECEM","EQ","04-Nov-2020","      21876.10","      21876.10","      22077.05","      21725.25","      21948.00","      21910.35","      21930.61","      61879","          1357044516.20","      15434","      12602","         20.37"
"SHREECEM","EQ","05-Nov-2020","      21910.35","      22050.00","      22328.15","      21810.00","      22290.00","      22239.40","      22101.21","      82737","          1828587684.35","      22211","      21590","         26.09"
"SHREECEM","EQ","06-Nov-2020","      22239.40","      22155.00","      22378.90","      21960.00","      22100.00","      22053.05","      22126.30","      58031","          1284011499.35","      16237","      12542","         21.61"
"SHREECEM","EQ","09-Nov-2020","      22053.05","      22280.00","      22737.45","      22059.80","      22737.45","      22604.70","      22371.36","      67025","          1499440152.25","      17470","      13378","         19.96"
"SHREECEM","EQ","10-Nov-2020","      22604.70","      22630.00","      23230.00","      22630.00","      22812.20","      22762.80","      22944.37","     112826","          2588721326.50","      25795","      25796","         22.86"
"SHREECEM","EQ","11-Nov-2020","      22762.80","      22813.00","      23130.00","      22430.00","      22941.05","      22867.55","      22817.85","      82845","          1890345118.55","      19939","      23844","         28.78"
"SHREECEM","EQ","12-Nov-2020","      22867.55","      23120.00","      23624.00","      22880.00","      23485.15","      23441.60","      23343.92","     178595","          4169108211.60","      38228","      21271","         11.91"
"SHREECEM","EQ","13-Nov-2020","      23441.60","      23529.50","      23645.20","      23205.30","      23400.00","      23435.50","      23391.90","      73676","          1723421830.00","      18284","      10263","         13.93"
"SHREECEM","EQ","14-Nov-2020","      23435.50","      23500.00","      23600.00","      23280.45","      23303.70","      23363.25","      23412.38","       7626","           178542815.90","       1886","        798","         10.46"
"SHREECEM","EQ","17-Nov-2020","      23363.25","      23525.80","      24095.00","      23400.00","      23900.00","      23989.75","      23851.73","      87042","          2076102277.95","      19789","      13999","         16.08"
"SHREECEM","EQ","18-Nov-2020","      23989.75","      23989.75","      24134.70","      23756.00","      24093.70","      24069.25","      23955.44","      57487","          1377126225.35","      13918","       8307","         14.45"
"SHREECEM","EQ","19-Nov-2020","      24069.25","      24000.00","      24287.00","      23503.60","      23570.05","      23661.65","      23990.47","      67099","          1609736724.90","      14474","      15509","         23.11"
"SHREECEM","EQ","20-Nov-2020","      23661.65","      23827.30","      24010.95","      23630.30","      23987.00","      23948.70","      23824.59","      50600","          1205524433.65","      14232","      16509","         32.63"
"SHREECEM","EQ","23-Nov-2020","      23948.70","      24000.00","      24598.95","      23987.00","      24320.00","      24465.30","      24423.53","      65833","          1607874568.20","      16972","      19781","         30.05"
"SHREECEM","EQ","24-Nov-2020","      24465.30","      24550.00","      24688.90","      24067.15","      24285.00","      24243.55","      24284.12","      66479","          1614383761.10","      16209","      22698","         34.14"
"SHREECEM","EQ","25-Nov-2020","      24243.55","      24580.00","      24695.95","      23547.05","      23700.00","      23698.80","      24280.96","      83059","          2016752133.80","      22318","      23543","         28.34"
"SHREECEM","EQ","26-Nov-2020","      23698.80","      23949.00","      24600.00","      23700.00","      24473.70","      24381.15","      24047.99","      74560","          1793017767.85","      18351","      16754","         22.47"
"SHREECEM","EQ","27-Nov-2020","      24381.15","      24473.70","      24529.05","      23351.00","      23811.95","      24306.35","      24300.93","     190961","          4640529602.25","      31219","     140996","         73.83"
"SHREECEM","EQ","01-Dec-2020","      24306.35","      25555.00","      25655.50","      24549.40","      24849.75","      24908.40","      24896.54","      95268","          2371843714.55","      23180","      25043","         26.29"
"SHREECEM","EQ","02-Dec-2020","      24908.40","      24800.00","      25043.70","      24200.00","      24600.00","      24635.70","      24573.59","      77649","          1908114806.40","      22732","      19991","         25.75"
"SHREECEM","EQ","03-Dec-2020","      24635.70","      24785.00","      25040.60","      24702.35","      24930.00","      24905.15","      24866.86","      57012","          1417709214.60","      15648","      18940","         33.22"
"SHREECEM","EQ","04-Dec-2020","      24905.15","      24951.00","      25335.00","      24820.30","      24939.00","      24912.85","      25058.54","      63298","          1586155189.95","      15899","      13371","         21.12"
"SHREECEM","EQ","07-Dec-2020","      24912.85","      25000.00","      25089.00","      24724.00","      24831.65","      24954.15","      24927.21","      39743","           990682117.90","      10261","      10481","         26.37"
"SHREECEM","EQ","08-Dec-2020","      24954.15","      24950.00","      25289.95","      24735.50","      24756.20","      24775.75","      24926.97","      59029","          1471414140.60","      14009","      18735","         31.74"
"SHREECEM","EQ","09-Dec-2020","      24775.75","      24890.00","      24949.20","      24351.00","      24428.05","      24420.70","      24602.93","      67836","          1668964612.15","      18289","      23013","         33.92"
"SHREECEM","EQ","10-Dec-2020","      24420.70","      24420.70","      24499.95","      23687.40","      23740.20","      23758.10","      23900.08","      83757","          2001798841.30","      18213","      29009","         34.63"
"SHREECEM","EQ","11-Dec-2020","      23758.10","      23780.00","      23958.00","      23585.05","      23750.00","      23805.00","      23694.33","      54705","          1296198112.30","      13456","      13974","         25.54"
"SHREECEM","EQ","14-Dec-2020","      23805.00","      23810.00","      23986.70","      23652.00","      23750.00","      23722.20","      23805.52","      35173","           837311554.35","      12221","      10099","         28.71"
"SHREECEM","EQ","15-Dec-2020","      23722.20","      23750.00","      24325.00","      23722.20","      24223.00","      24259.65","      24140.23","      75628","          1825677617.10","      17248","      21105","         27.91"
"SHREECEM","EQ","16-Dec-2020","      24259.65","      24389.00","      24488.90","      24145.70","      24310.00","      24259.10","      24327.38","      53857","          1310199456.25","      14566","      19065","         35.40"
"SHREECEM","EQ","17-Dec-2020","      24259.10","      24383.70","      24899.00","      24315.00","      24599.90","      24510.40","      24640.71","      75262","          1854509426.80","      18668","      22522","         29.92"
"SHREECEM","EQ","18-Dec-2020","      24510.40","      24500.00","      24732.05","      24301.80","      24648.95","      24574.40","      24559.34","     106488","          2615275107.10","      15330","      58083","         54.54"
"SHREECEM","EQ","21-Dec-2020","      24574.40","      24550.00","      24550.00","      23249.15","      23750.00","      23717.50","      24003.61","      55774","          1338777537.30","      16544","      14519","         26.03"
"SHREECEM","EQ","22-Dec-2020","      23717.50","      23717.50","      24070.25","      23389.05","      23833.25","      23916.70","      23732.44","      47637","          1130542373.55","      15422","       8500","         17.84"
"SHREECEM","EQ","23-Dec-2020","      23916.70","      23916.70","      24240.00","      23830.90","      23950.00","      23894.40","      23983.10","      30687","           735969404.80","       8478","       8390","         27.34"
"SHREECEM","EQ","24-Dec-2020","      23894.40","      24190.00","      24259.95","      23554.10","      23786.50","      23826.75","      23843.37","      47939","          1143027436.30","      13574","      12178","         25.40"
"SHREECEM","EQ","28-Dec-2020","      23826.75","      24000.00","      24109.95","      23571.05","      23745.00","      23715.55","      23768.17","      58822","          1398091240.00","      16983","      21184","         36.01"
"SHREECEM","EQ","29-Dec-2020","      23715.55","      23875.00","      23906.75","      23680.00","      23825.00","      23839.65","      23803.57","      30966","           737101365.65","       8499","       7393","         23.87"
"SHREECEM","EQ","30-Dec-2020","      23839.65","      23872.30","      24701.60","      23750.00","      24549.85","      24599.95","      24220.67","      57743","          1398574203.60","      14739","      12094","         20.94"
"SHREECEM","EQ","31-Dec-2020","      24599.95","      24361.00","      24533.75","      23866.00","      24000.00","      24013.20","      24147.04","      85988","          2076355982.10","      20011","      22673","         26.37"
